YEAR,AVG_WIND_SPEED
1961,9.72528767
1962,11.02071233
1963,11.07569863
1964,10.25915301
1965,10.61871233
1966,10.57980822
1967,10.65202740
1968,8.85918033
1969,8.56449315
1970,9.60989041
1971,8.38589041
1972,9.70450820
1973,8.48210959
1974,10.08460274
1975,8.56260274
1978,9.48934247
1976,9.14912568
1977,11.52320548
